10,http://boomfix.es/,1239268108.1505087088
100,http://boomfix.es/,1239268108.1505087088
105,http://boomfix.es/,1239268108.1505087088
110,http://boomfix.es/,1239268108.1505087088
115,http://boomfix.es/,1239268108.1505087088
120,http://boomfix.es/,1239268108.1505087088
125,http://boomfix.es/,1239268108.1505087088
130,http://boomfix.es/,1239268108.1505087088
135,http://boomfix.es/,1239268108.1505087088
140,http://boomfix.es/,1239268108.1505087088
145,http://boomfix.es/,1239268108.1505087088
15,http://boomfix.es/,1239268108.1505087088
15,http://boomfix.es/,1239268108.1505087088
150,http://boomfix.es/,1239268108.1505087088
155,http://boomfix.es/,1239268108.1505087088
160,http://boomfix.es/,1239268108.1505087088
165,http://boomfix.es/,1239268108.1505087088
170,http://boomfix.es/,1239268108.1505087088
175,http://boomfix.es/,1239268108.1505087088
20,http://boomfix.es/,1239268108.1505087088
20,http://boomfix.es/,1239268108.1505087088
25,http://boomfix.es/,1239268108.1505087088
25,http://boomfix.es/,1239268108.1505087088
30,http://boomfix.es/,1239268108.1505087088
30,http://boomfix.es/,1239268108.1505087088
